{
  "cli": {
    "version": ">= 5.0.0",
    "appVersionSource": "local"
  },
  "build": {
    "development": {
      "developmentClient": true,
      "distribution": "internal",
      "android": {
        "buildType": "apk",
        "gradleCommand": ":app:assembleDebug"
      }
    },
    "preview": {
      "distribution": "internal",
      "channel": "preview",
      "android": {
        "buildType": "apk",
        "gradleCommand": ":app:assembleRelease"
      },
      "ios": {
        "simulator": true
      }
    },
    "production": {
      "distribution": "internal",
      "channel": "production",
      "android": {
        "buildType": "apk",
        "gradleCommand": ":app:assembleRelease"
      }
    }
  },
  "submit": {
    "production": {}
  }
}
